Amino Acid,Codon,Usage
Ala,GCA,16.26
Ala,GCC,25.88
Ala,GCG,4.98
Ala,GCT,22.35
Arg,AGA,10.14
Arg,AGG,10.23
Arg,CGA,7.18
Arg,CGC,9.31
Arg,CGG,10.15
Arg,CGT,5.62
Asn,AAC,21.16
Asn,AAT,17.4
Asp,GAC,28.07
Asp,GAT,24.63
Cys,TGC,10.35
Cys,TGT,9.1
Gln,CAA,10.34
Gln,CAG,33.36
Glu,GAA,28.37
Glu,GAG,41.11
Gly,GGA,15.8
Gly,GGC,21.29
Gly,GGG,13.44
Gly,GGT,12.82
His,CAC,12.9
His,CAT,10.18
Ile,ATA,6.86
Ile,ATC,24.8
Ile,ATT,17.41
Leu,CTA,7.65
Leu,CTC,18.36
Leu,CTG,38.79
Leu,CTT,13.18
Leu,TTA,6.37
Leu,TTG,14.13
Lys,AAA,24.63
Lys,AAG,38.4
Met,ATG,23.04
Phe,TTC,22.02
Phe,TTT,19.57
Pro,CCA,15.55
Pro,CCC,16.99
Pro,CCG,4.28
Pro,CCT,16.69
Ser,AGC,16.42
Ser,AGT,11.44
Ser,TCA,10.27
Ser,TCC,16.47
Ser,TCG,3.45
Ser,TCT,15.96
Thr,ACA,15.75
Thr,ACC,20.31
Thr,ACG,4.46
Thr,ACT,14.15
Trp,TGG,13.11
Tyr,TAC,16.41
Tyr,TAT,13.14
Val,GTA,7.83
Val,GTC,15.68
Val,GTG,30.14
Val,GTT,11.59
_STOP,TAA,0.61
_STOP,TAG,0.55
_STOP,TGA,1.15
